SEQID,dG_37,Tm,dH,RefSeq,TargetStruct
BC0,-2.8675448997820943,78.26915701740859,-24.417998433210307,CAAGCCGAAAGGCTTG,((((((....))))))
HP003,-1.573719576401079,51.54515103483492,-35.130547240262764,CTTACCGTGTGGTAAG,((((((....))))))
HP005,-2.1191743405804937,49.01415347829711,-56.82647626729113,ATTCGATGGGTCGAAT,((((((....))))))
HP007,0.9094401030773338,30.049075514589862,-39.669744516389926,GTATATGAGTATATAC,((((((....))))))
HP008,-1.2036874631648082,50.578187799110616,-28.69805359094948,CGACTGGACTCAGTCG,((((((....))))))
HP010,-0.9850936782849216,46.05384622806292,-34.73061979215581,GCTTTCAATCGAAAGC,((((((....))))))
HP015,-1.4150043594096124,52.66467339405662,-29.43113920186355,CAATCTCGGTAGATTG,((((((....))))))
HP018,-2.8747001202529656,62.14597918466652,-38.331193412831816,GCCAGGACCACCTGGC,((((((....))))))
HP022,-1.6391275839277712,51.06295138125689,-37.78910822261229,TTGACGACATCGTCAA,((((((....))))))
MMCNNN2336,-3.542451569222904,60.13187715906693,-51.03930392752075,GCATAGCGAAAGCTGTGC,(((.(((....))).)))
MMCNNN2337,-3.366927775418626,64.46321767099899,-41.39060956157777,GCAGAGCGAAAGCTATGC,(((.(((....))).)))
MMTM176,-2.333759698491794,60.40482701004263,-33.259669562155885,GCATAGCGAAAGCAATGC,((((.((....)).))))
TETNNN1570,-0.8638774983759158,45.88656672149618,-31.01405973615468,GATCTGACACCAGATC,((((((....))))))
TETNNN1696,-0.594910684881767,44.48861071831417,-25.233866541518456,GATCTGCCAACAGATC,((((((....))))))
