SEQID,sodium,DNA_conc,dH,Tm,dG_37,dS,RefSeq,TargetStruct
HP003,0.025,9e-06,-35.130547240262764,51.54515103483492,-1.573719576401079,-0.1081954785228492,CTTACCGTGTGGTAAG,((((((....))))))
HP005,0.025,9e-06,-56.82647626729113,49.01415347829711,-2.1191743405804937,-0.1763898175937792,ATTCGATGGGTCGAAT,((((((....))))))
HP007,0.025,9e-06,-39.669744516389926,30.049075514589862,0.9094401030773338,-0.1308372871819031,GTATATGAGTATATAC,((((((....))))))
HP008,0.025,6e-06,-28.69805359094948,50.578187799110616,-1.2036874631648082,-0.0886486091497168,CGACTGGACTCAGTCG,((((((....))))))
HP009,0.025,6e-06,-38.77685513395269,63.54139060757484,-3.056780444508425,-0.1151703198112018,AACTTCGTACGAAGTT,((((((....))))))
HP010,0.025,6e-06,-34.73061979215581,46.05384622806292,-0.9850936782849216,-0.1088038888082246,GCTTTCAATCGAAAGC,((((((....))))))
HP015,0.025,6e-06,-29.43113920186355,52.66467339405662,-1.4150043594096124,-0.0903309200143606,CAATCTCGGTAGATTG,((((((....))))))
HP018,0.025,6e-06,-38.331193412831816,62.14597918466652,-2.8747001202529656,-0.1143204684590645,GCCAGGACCACCTGGC,((((((....))))))
HP022,0.025,6e-06,-37.78910822261229,51.06295138125689,-1.6391275839277712,-0.1165564424913252,TTGACGACATCGTCAA,((((((....))))))
HP029,0.025,6e-06,-38.86136193514357,71.0105241938826,-3.840345412647769,-0.1129163840802702,GCGAAGGACACTTCGC,((((((....))))))
HP038,0.025,6e-06,-36.49797562137377,45.79479325993843,-1.006419157106755,-0.114433520761783,CGTGCTTGGCAGCACG,((((((....))))))
HP039,0.025,6e-06,-31.989176416657777,50.92642182518753,-1.3746596006883354,-0.0987087435626936,GGGAACTACAGTTCCC,((((((....))))))
